timestamp,temperature,ethereum_price,joke
2026-06-17 11: 31 :09,28.8,1791.86,Did you hear the news? -FedEx and UPS are merging. They’re going to go by the name Fed-Up from now on.
2026-06-17 12: 48 :19,29.4,1789.53,Why did the chicken get a penalty? -For fowl play.
2026-06-17 12: 49 :44,29.4,1788.54,I couldn't get a reservation at the library... -They were fully booked.
2026-06-17 12: 52 :47,29.4,1785.91,What did the beaver say to the tree? -It's been nice gnawing you.
2026-06-17 12: 57 :04,29.4,1783.3,How do you find Will Smith in the snow? -Look for fresh prints.
2026-06-17 12: 58 :04,29.4,1783.51,What did one nut say as he chased another nut? -I'm a cashew!
2026-06-17 13: 00 :42,29.6,1783.22,Where do rabbits go after they get married? -On a bunny-moon.
2026-06-17 13: 02 :54,29.6,1784.39,How does a penguin build it’s house? -Igloos it together.
2026-06-17 13: 06 :00,29.6,1784.62,"What did one ocean say to the other ocean? -Nothing, they just waved."
2026-06-17 13: 06 :15,29.6,1784.62,Did you hear about the Viking who was reincarnated? -He was Bjorn again
2026-06-17 13: 06 :19,29.6,1784.62,What's the worst thing about ancient history class? -The teachers tend to Babylon.
2026-06-17 13: 06 :22,29.6,1784.62,Why did the coffee file a police report? -It got mugged.
2026-06-17 13: 06 :24,29.6,1784.62,What do you call corn that joins the army? -Kernel.
2026-06-17 13: 08 :44,29.6,1785.38,"How many React developers does it take to change a lightbulb? -None, they prefer dark mode."
2026-06-17 13: 08 :56,29.6,1785.23,What do you call a nervous javelin thrower? -Shakespeare.
2026-06-17 13: 09 :14,29.6,1785.23,Did you know you should always take an extra pair of pants golfing? -Just in case you get a hole in one.
2026-06-17 13: 09 :25,29.6,1785.23,Why are “Dad Jokes” so good? -Because the punchline is apparent.
2026-06-17 13: 09 :30,29.6,1785.23,How come the stadium got hot after the game? -Because all of the fans left.
2026-06-17 13: 09 :41,29.6,1785.23,What do you call a singing Laptop? -A Dell
2026-06-17 15: 56 :50,31.0,1771.07,"Did you hear about the kidnapping at school? -It's ok, he woke up."
2026-06-17 16: 00 :39,30.9,1770.72,What do ghosts call their true love? -Their ghoul-friend
2026-06-17 16: 00 :59,30.9,1770.72,"Dad, can you put my shoes on? -I don't think they'll fit me."
2026-06-17 16: 03 :50,30.9,1771.55,What do you call a bee that lives in America? -A USB.
2026-06-17 18: 33 :48,28.4,1757.47,Why did the programmer always mix up Halloween and Christmas? -Because Oct 31 equals Dec 25.
2026-06-17 18: 34 :00,28.4,1757.47,What was the pumpkin’s favorite sport? -Squash.
2026-06-17 18: 34 :53,28.4,1756.73,Why was the developer always calm? -Because they knew how to handle exceptions.
2026-06-17 18: 37 :09,28.4,1756.64,What do you call a bee that lives in America? -A USB.
2026-06-17 18: 38 :34,28.4,1757.28,Where do rabbits go after they get married? -On a bunny-moon.
2026-06-17 18: 45 :34,28.3,1759.8,Why don't you find hippopotamuses hiding in trees? -They're really good at it.
2026-06-17 18: 57 :43,28.3,1754.47,"Why does Norway have barcodes on their battleships? -So when they get back to port, they can Scandinavian."
2026-06-17 18: 58 :30,28.3,1754.38,If you boil a clown... -Do you get a laughing stock?
2026-06-17 19: 04 :05,28.2,1756.71,What was a more important invention than the first telephone? -The second one.
2026-06-17 19: 07 :07,28.2,1757.44,Why did the programmer bring a ladder to work? -They heard the code needed to be debugged from a higher level.
2026-06-17 19: 07 :13,28.2,1758.54,Why did the barber win the race? -He took a short cut.
2026-06-17 19: 14 :39,28.2,1764.47,What do you call a cow with no legs? -Ground beef!
2026-06-17 19: 15 :07,28.0,1764.47,Why do crabs never give to charity? -Because they’re shellfish.
2026-06-17 19: 15 :48,28.0,1763.4,"What is the tallest building in the world? -The library, it’s got the most stories!"
2026-06-17 19: 16 :51,28.0,1764.58,What time is it? -I don't know... it keeps changing.
2026-06-17 19: 17 :59,28.0,1766.24,How many programmers does it take to change a lightbulb? -None that's a hardware problem
2026-06-17 19: 21 :58,28.0,1766.38,"Have you heard the rumor going around about butter? -Never mind, I shouldn't spread it."
2026-06-17 19:35:48,27.5,1759.12,What is this movie about? - It is about 2 hours long.
